Company Name,Address,City,State,Zip,Primary Contact,Phone,Email,Website
,,,,,,,,
"Canon Solutions America, Inc.",1 Canon Park,Melville,NY,11747.0,Dawn Rouse,631-330-5448,drouse@csa.canon.com,www.csa.canon.com
"Dex Imaging, Inc.",5109 W. Lemon Street,Tampa,FL,33609.0,Robert Luzzi,831-288-8080,rluzzi@deximaging.com,
"The Lioce Group, Inc.",2950 Drake Avenue,Huntsville,AL,35805.0,Bill Berg,256-650-4148,bberg@liocegroup.com,
RJ Young,730A Freeland Station Rd.,Nashville,TN,37228.0,Chris Clark,205-847-5204,chris.clark@rjyoung.com,
"ABS Business Systems, Inc.",260 Industrial Dr Ext.,Oxford,AL,36203.0,Dennis N. Davis,256-546-2679 ext. 207,dennis@absofficesystems.com,
"Boynton Office Systems, Inc.",551 3rd Street,Fairbanks,AK,99701.0,Seth Hampton,907-457-4535,seth@boyntonoffice.com,www.boyntonoffice.com
"Boynton Office Systems, Inc.",650 W. 58th Ave Unit A,Anchorage,AK,99503.0,Seth Hampton,907-457-4535,seth@boyntonoffice.com,www.boyntonoffice.com
"Boynton Office Systems, Inc.",431 N. Franklin Street,Juneau,AK,99801.0,Seth Hampton,907-457-4535,seth@boyntonoffice.com,www.boyntonoffice.com
Arctic Office Products,100 West Fireweed Lane,Anchorage,Alaska,99516.0,Lori McVay & Greg Martin,,lmcvay@arcticoffice.com / gmartin@arcticoffice.com,www.arcticoffice.com
"LAKELAND OFFICE SYSTEMS, L.L.C.",417 S. Schifferdecker Ave.,Joplin,MO,64801.0,David Tyson,417-499-5558,dtyson@lakelandoffice.com,www.lakelandoffice.com
"Canon Solutions America, Inc.",1 Canon Park,Melville,NY,11747.0,Dawn Rouse,631-330-5448,drouse@csa.canon.com,www.csa.canon.com
"Copy World Business Solutions, LLC.",6028 Stoney Brook Rd,Rogers,AR,72758.0,Mike Wolfinbarger,918-252-2199,mike@cpyworld.com,
"Datamax, Inc.",7400 KANIS ROAD,LITTLE ROCK,AR,72204.0,DAVID HOLZHAUER,501-603-3011,dholzhauer@datamax-lr.com,
Marimon Business Systems LLC.,116 WRIGHTS LANE,EL DORADO,AR,71730.0,VICKI STROM,713-856-2000,VStrom@marimoninc.com,
Preferred Office Technologies,319 SOUTH 9TH STREET,FORT SMITH,AR,72901.0,ALAN DICKINSON JR.,479-782-7991,Adickinson@preferred-office.com,
RJ Young,730A Freeland Station Rd.,Nashville,TN,37228.0,Chris Clark,205-847-5204,chris.clark@rjyoung.com,
SumnerOne,2200 SE J STREET STE 22,BENTONVILLE,AR,72712.0,Dan Roeckle,417-831-6400 ext 3511,droeckle@sumnerone.com,
Pacific Office Automation,"4464 Wllow Rd, Suite 103",Pleasonton,California,94588.0,Cory Giddings,925-398-4021,cory.giddings@pacificoffice.com,www.pacificoffice.com
JJR Enterprises Inc.  dba Caltronics Business Systems,10491 Old Placerville Rd. #150,Sacramento,CA,95827.0,Matt Blevins,916-361-5314,blevinsm@caltronics.net,www.caltronics.net
"Canon Solutions America, Inc.",1 Canon Park,Melville,NY,11747.0,Dawn Rouse,631-330-5448,drouse@csa.canon.com,www.csa.canon.com
Ray Morgan Company,3131 Esplanade,Chico,CA,95973.0,Dave Perez,916-577-1665,dperez@raymorgan.com,
DocuProducts,"4535 McGrath Street, Suite A",Ventura,CA,93003.0,Pam Tanner,805-644-8100,ptanner@docuproducts.com,
Scott Technology Group,100 Professional Center Drive,Rohnert Park,CA,94928.0,David Scott,707-236-1328,DSCOTT@SCOTTSOFFICE.COM,
Jones Walbaum Corp dba American Business Machines,821 18th Street,Bakersfield,CA,93301.0,Ryan Jones,661-201-7905,rjones@abm1.com,
The Fruth Group,12340 Stowe Drive,Poway,CA,92064.0,Vicki Rush,760-35-4645,vrush@fruthgroup.com,
Signa Digital Solutions,4863 Shawline St  Suite A,San Diego,CA,92111.0,Shannon Kirby,858-467-7979,Sales@gosigna.com,
COPYFREE TECHNOLOGY INC,601 S SAN GABRIEL BLVD,SAN GABRIEL,CA,91776.0,Queena Wei,626-225-9265,qwei@copyfree.com,
Reprographics Fax Group DBA C3 Office Solutions,1536 E Warner Ave.,Santa Ana,CA,92705.0,Tricia Sanchez,714-689-1700,Tricia@c3tech.com,
SOUTH COAST COPY SYSTEMS,6625 Nancy Ridge Drive,San Diego,CA,92121.0,Kecia Caughey,858-794-9940,kecia@gosccs.com,
LDICA,2545 North Ontario Street,Burbank,CA,91504.0,Doug Vos,818-781-8110,labele@myldi.com,
Young Systems Corporation,13125 Midway Place,Cerritos,CA,90703.0,Donald Lee,562.921.2256,dmoon@nuworldinc.com,
Innovative Document Solutions,"26855 Jefferson Ave,Ste F",Murrieta,CA,92562.0,Kevin Heitritter,951-676-8885,Kevin@idsprintwise.com,
"KBA Document Solutions, LLC","32900 ALVARADO NILES RD, SUITE 100",UNION CITY,CA,94587.0,Todd Moody,510-441-4200,Todd.Moody@kbadocusys.com,
"SEMA, LLC. DBA Cell Business Equipment","4 MASON, Ste. A",IRVINE,CA,92618.0,Kyle Hancock,949-830-1400,Kyle.Hancock@FlexTG.com,
Global Office,2070 Commerce Ave.,Concord,CA,94507.0,Steve Tarpley,877-287-5055,starpley@globalofficeinc.com,
COSNER-NEIPP CORPORATION,109 N. Sanders St.,Ridgecrest,CA,93555.0,Timothy Neipp,760-375-2502,t.neipp@cosner-neipp.com,
"Canon Solutions America, Inc.",1 Canon Park,Melville,NY,11747.0,Dawn Rouse,631-330-5448,drouse@csa.canon.com,www.csa.canon.com
"All Copy Products, Inc.",1635 W 13th Ave,Denver,CO,80204.0,Nicole Curtis,303-785-5879,ncurtis@allcopyproducts.com,
Bratton's Office Equipment Inc.,1303 8th Ave.,Greeley,CO,80631.0,Robert Bratton,970-378-1480,bob@brattonsoffice.com,
Imagenet Consulting,2400 E MAIN STREET STE G,Montrose,CO,81401.0,David North,405-600-1347,DNORTH@IMAGENETCONSULTING.COM,
SOURCE OFFICE PRODUCTS,13350 W 43RD DR,GOLDEN,CO,80403.0,Sam Winfrey,303-951-0341,sam.winfrey@sourceot.com,
"United Reprographic Supply, Inc.",7076 S. Revere Parkway,Centennial,CO,80112.0,Timothy Dowdeswell,303-680-1100,tim@unitedreprographic.com,
Capital Business Systems,4812 McMurry Ave.,Fort Collins,CO,80525.0,James Kreikemeier,970-266-5106,jkreikemeier@capitalmds.com,
Tascosa Office Machines,321 N. Main St.,Roswell,NM,88201.0,Kelly King,573-623-1206,kking@ytom.com,https://tascosaofficemachines.com/
Automated Business Products,11999 E. Caley Ave. STE A,Centennial,CO,80111.0,Hunter Jackson,303-778-0600,hjackson@abpcopy.com,
Dex Imaging,3785 South 500 West,Salt Lake City,UT,84115.0,Robert Luzzi,813-288-8080,rluzzi@deximaging.com,
"Canon Solutions America, Inc.",1 Canon Park,Melville,NY,11747.0,Dawn Rouse,631-330-5448,drouse@csa.canon.com,www.csa.canon.com
Aztec Technologies,35 Philmack Drive,Middletown,CT,6457.0,Cathy Kies,866-677-9844 ext.7243,kiesc@aztectechnologies.com,www.aztectechnologies.com
LESLIE DIGITAL IMAGING dba KOTA Solutions,6 Armstrong Road,Shelton,CT,6484.0,Anna Kleyner,516-348-2267,akleyner@myldi.com,KOTASolutions.com
"Flotech, LLC.","545 Long Wharf Dr., Suite 602",New Haven,CT,6511.0,Kevin Leary,781-800-3608,kevin.leary@flotech.net,
Usherwood,1005 W. Fayette St.,Syracuse,NY,13204.0,Katherine Cullen,800-724-2119,kcullen@usherwood.com,
Automated Business Machines DBA Automated Business Solutions,415 Kilvert St.,Warwick,RI,2886.0,Michael Ardry,800-832-2729,mardry@absne.com,
"Canon Solutions America, Inc.",1 Canon Park,Melville,NY,11747.0,Dawn Rouse,631-330-5448,drouse@csa.canon.com,www.csa.canon.com
Laser Tone Business Systems,1973 Bay Rd.,Milford,DE,19963.0,Sherry Clark,302-335-2510,sherry@laser-tone.net,
"ImageNet Consulting, Inc.",582 NW Mercantile Place,582 NW Mercantile Place,Port Saint Lucie,Florida,34986.0,Richard Johnson,407-227-8190,Rjohnson@imagenet.com
"Canon Solutions America, Inc.","2600 Maitland Center Parkway, Suite 170",Maitland,FL,32751.0,Andrew Clapp,(407) 712-1640,aclapp@csa.canon.com,www.csa.canon.com
Technogroup Inc. d/b/a Accelerated Business Solutions,2991 Center Port Circle,Pompano Beach,FL,33064.0,Loretta Croken,954-580-0700,lcroken@a-bs.com,
ABS Technology Solutions d.b.a. Advanced Business Systems,1236 N Monroe St,Tallahassee,FL,32303.0,Brian Snow,850-222-2308,bsnow@a-b-s.com,
"Copycorp, Inc.",3351 COMMERCE PARKWAY,MIRAMAR,FL,33025.0,FRANK MARIBONA,954-885-002,frank@yesdelta.com,
DEX Imaging,5109 West Lemon Street,Tampa,FL,33609.0,Robert Luzzi,813-288-8080,rluzzi@deximaging.com,
"J. M. TODD, INC.",12670 Mcgregor Blvd.,Ft. Myers,FL,33919.0,JAMES M. TODD,239-454-4445,JTodd@jmtodd.com,
RJ Young Company,"325 John Knox Road, Bldg E",Tallahassee,FL,32303.0,Chris Bethea,850-260-0610,chris.bethea@rjyoung.com,
United Solutions Company,"1585 Summit Lake Drive, Suite 300",Tallahassee,FL,32317.0,Bill Kimbel,850-219-6505,bkimbel@unitedsolutions.coop,
Sissine's Office Systems,6123 Phillips Hwy,Jacksonville,FL,32216.0,Sam Sissine,904-739-0540,sam@sissines.com,
Visual Edge Inc. DBA WBS Technologies,5555 N. Nob Hill Rd.,Sunrise,FL,33351.0,John Bradley,954-493-7422,jbradley@wbsfla.com,
"H.B.M., Inc. d/b/a Harris Business Machines",485 Harrison Ave,Panama City,FL,32401.0,Troy Harris,850-769-2857,Troy.Harris@harrisbusinessmachines.com,
Boring Business Systems Inc.,950 E Main Street,Lakeland,FL,33801.0,Par Sahota,863-686-3167,psahota@boring.com,
Service Plus Office Machines,500 Capital Circle SE,Tallahassee,FL,32301.0,John Davis,850-402-0646,jdavis@serviceplustally.com,https://serviceplustally.com/
"PC Specialists, Inc. dba Technology Integration Group","1003 Bishop Street, Pauahi Tower, Suite 1250",Honolulu,HI,96813.0,Roland Yee,808-524-6652 x 1562,roland.yee@tig.com,www.tig.com
AMI Systems LLC,"1259 Aala St.,  Ste 302",Honolulu,HI,96817.0,Phil Tajiri,(808)847-1544,ptajiri@amisystems.net,amisystems.net
"Canon Solutions America, Inc.",1 Canon Park,Melville,NY,11747.0,Dawn Rouse,631-330-5448,drouse@csa.canon.com,www.csa.canon.com
"BWI, LLC. dba Integrated Business Solutions",99-1046 Iwaena St.,Aiea,HI,96701.0,Dan Hollembaek,808-545-5540,dan@businesssolutionshi.com,
Pacific Office Automation,9941 W Emerald St.,Boise,Idaho,83704.0,Sonny Ogrady,208-801-4150,Sonny.Ogrady@pacificoffice.com,www.pacificoffie.com
"Canon Solutions America, Inc.",1 Canon Park,Melville,NY,11747.0,Dawn Rouse,631-330-5448,drouse@csa.canon.com,www.csa.canon.com
"Copier's Northwest, Inc.",H&H BUSINESS SYSTEMS INC.,SEATTLE,WA,98109.0,Laura Svarcs,206-282-1200,lsvarcs@copiersnw.com,
"Fisher's Document Systems, Inc.",575 E. 42nd St.,Boise,ID,83714.0,Teresa Jorgensen,208-947-3613,tjorgensen@fisherstech.com,
H&H BUSINESS SYSTEMS INC.,5140 E. Seltice Way,Post Falls,ID,83814.0,Yousif Kaddoura,208-773-1691,yousifk@handhsystems.com,
Dex Imaging,3785 South 500 West,Salt Lake City,UT,84115.0,Robert Luzzi,813-288-8080,rluzzi@deximaging.com,
Summit Technology Affiliates / dba Midwest Office Technology,6294 NE 14th Street,Des Moines,IA,50313-1211,Joe Germano,913-894-9600,joe.germano@motsolutions.com,www.motsolutions.com
"Canon Solutions America, Inc.",1 Canon Park,Melville,NY,11747,Dawn Rouse,631-330-5448,drouse@csa.canon.com,www.csa.canon.com
"All Copy Products, Inc.",1635 W 13th Ave,Denver,CO,80204,Nicole Curtis,303-785-5879,ncurtis@allcopyproducts.com,
Capital Business Systems,4812 McMurry Ave.,Fort Collins,CO,80525,James Kreikemeier,970-266-5106,jkreikemeier@capitalmds.com,
"Infomax Office Systems, Inc.",1010 Illinois St.,Des Moines,IA,50314,Greg Bailey,515-244-5203,gbailey@infomaxoffice.com,
Gordon Flesch Company,2675 Research Park Dr.,Madison,WI,53711,Bryant Hays,319-260-4100,canonleads@gflesch.com,
"Loffler Company, Inc.","1101 E. 78th St., Suite 200",Bloomington,MN,55420,John Hastings,952-925-6800,jhastings@loffler.com,
Petter Business Systems,5110 Charter Oak Dr.,Paducah,KY,42001.0,Patrick Ball,270-575-6949,pball@petter-business.com,www.petter-business.com
"Canon Solutions America, Inc.",1 Canon Park,Melville,NY,11747.0,Dawn Rouse,631-330-5448,drouse@csa.canon.com,www.csa.canon.com
"Bluegrass Office Systems, Inc.","667 E. New Circle Rd., Suite 3",Lexington,KY,40505.0,William H. Demarcus,859-293-0435,bdemarcus@boscopiers.com,
Commonwealth Technology,1263 E. New Circle Rd,Lexington,KY,40505.0,Curtis Baker,502-525-3500,cbaker@ctemail.net,
KERR WORKPLACE SOLUTIONS,509 ASSEMBLY DRIVE,ELIZABETHTOWN,KY,42701.0,BRIAN KERR,270-765-6171,bkerr@kerrog.com,
"Canon Solutions America, Inc.",1 Canon Park,Melville,NY,11747.0,Dawn Rouse,631-330-5448,drouse@csa.canon.com,www.csa.canon.com
Advanced Office Systems,11434 Industriplex Blvd,Baton Rouge,LA,70809.0,Matt Pokorney,225-752-7700,mpokorney@advancedoffice.com,
A&E Enterprises of Louisiana LLC DBA ABM Office Solutions,5527 Coliseum Boulevard,Alexandria,LA,71303.0,Dale Rachal,318-443-0435,drachal@abmoffice.net,
"Novatech, Inc.",4106 Charlotte Ave,Nashville,TN,32709.0,Kathy Blanchard,337-210-3380,kathy.blanchard@novatech.net,
RJ Young,730A Freeland Station Rd.,Nashville,TN,37228.0,Chris Clark,205-847-5204,chris.clark@rjyoung.com,
SOUTHEAST BUSINESS SYSTEMS INC.,202 MARKET STREET,HAMMOND,LA,70401.0,REGGIE RUSSELL,985-345-9515,rrussell@sbs-copiers.com,
WJS ENTERPRISES INC.,759 HILL STREET,JEFFERSON,LA,70121.0,CHRIS HOSCH,504-837-5666,chrishosch@wjsenterprises.com,
Calcasieu Office Products DBA ASI Office Systems,600 WEST MCNEESE STREET,LAKE CHARLES,LA,70605.0,Ray Babin,337-474-9913,rbabin@asiofficesystems.com,https://asiofficesystems.com/
"Canon Solutions America, Inc.",1 Canon Park,Melville,NY,11747.0,Dawn Rouse,631-330-5448,drouse@csa.canon.com,www.csa.canon.com
Ameritel Communications Corporation,15010 BROSCHART ROAD,ROCKVILLE,MD,20850.0,AMY ORTLIEB,301-251-0222  ext.1227,amy@ameritelcorporation.com,
DEX Imaging,5109 West Lemon Street,Tampa,FL,33609.0,Robert Luzzi,813-288-8080,rluzzi@deximaging.com,
Impact Office Technologies,6800 Distribution Drive,Beltsville,MD,20805.0,Ken McGraw,717-756-2628,kmcgraw@impactoffice.com,
United Business Technologies,9218 GAITHER ROAD,GAITHERSBURG,MD,20877.0,Cindy McCormack,301-330-9982,cmccormack@ubti.com,
Mirror Copy,8229 Cloverleaf Dr. Suite 410,Millersville,MD,21108.0,Todd Benson,410-686-2400,tbenson@highvolumeimaging.com,
"H L Dempsey Co., Inc.",103 Baldwin Street,West Springfield,MA,1089.0,Bill Dempsey,413-736-8742,billd@hldempsey.com,www.hldempsey.com
"Canon Solutions America, Inc.",1 Canon Park,Melville,NY,11747.0,Dawn Rouse,631-330-5448,drouse@csa.canon.com,www.csa.canon.com
Berkshire Graphics Incorporated,239 WAHCONAH STREET,PITTSFIELD,MA,1201.0,PAIGE TORREY,413-442-3569,paige@berkshiregraphics.com,
New England Copy Specialist (N.E.C.S.),39 Sixth Road,Woburn,MA,1801.0,Donn Clarke,781-935-4340,donn.clarke@necsoffice.com,
"RYAN Business Systems, Inc.",455 GOVERNORS HIGHWAY,SOUTH WINDSOR,CT,6074.0,Suzanne Brochu,603-566-9822,suzannebrochu@ryanbusiness.com,
Usherwood,1005 W. Fayette St.,Syracuse,NY,13204.0,Katherine Cullen,800-724-2119,kcullen@usherwood.com,
Aztec Technologies,35 Philmack Drive,Middletown,CT,6457.0,Cathy Kies,866-677-9844 ext.7243,kiesc@aztectechnologies.com,www.aztectechnologies.com
"Copy-Pro, Inc.",46 Fowle St.,Woburn,MA,1801.0,Rob Klein,781-938-7555,rjklein@copy-pro.com,
"UBEO, LLC",28 Osprey Road,Saugus,MA,1906.0,Kevin Leary,781-233-3500,kleary@ubeo.com,
"ImageNet Consulting, LLC",1228 Dielman Industrial Court,St. Louis,Missouri,63132,,314.997.8916,,www.imagenet.com
Summit Technology Affiliates / dba Midwest Office Technology,11316 W 80th Street,Lenexa,KS,66214-1532,Joe Germano,913-894-9600,joe.germano@motsolutions.com,www.motsolutions.com
"Canon Solutions America, Inc.",1 Canon Park,Melville,NY,11747,Dawn Rouse,631-330-5448,drouse@csa.canon.com,www.csa.canon.com
"All Copy Products, Inc.",1635 W 13th Ave,Denver,CO,80204,Nicole Curtis,303-785-5879,ncurtis@allcopyproducts.com,
Americom Imaging,10352 LAKE BLUFF DRIVE,SAINT LOUIS,MO,63123,Jim Broderick,314-894-1154,jimb@americomis.com,
"Lakeland Office Systems, Inc.",417 S. SCHIFFERDECKER AVE.,JOPLIN,MO,64801,David C. Tyson,417-499-5558,dtyson@lakelandoffice.com,
Mineral Area Office Supply,331 WEST MAIN STREET,PARK HILLS,MO,63601,John Yow,573-431-4777,johnyow@maos.com,
SumnerOne,6691 Manchester Avenue,St. Louis,MO,63139,Wayne Rueger,314-600-4429,wrueger@sumnerone.com,
"Springfield Blue Print & Photo Copy Co., Inc.",219 E. Pershing,Springfield,MO,65806,Chuck McCann,800-458-9731,cmccann@spfdblue.com,
ADVANCED BUSINESS METHODS INC,1515 13TH AVENUE EAST,WEST FARGO,ND,58078.0,Duane Boeder,701-224-7072,Dboeder@abmnow.com,
THE OFFICE SHOP INC.,70 WEST MAIN STREET,COWLEY,WY,82420.0,JACOB MAY,307-548-2873,JACOB@OFFICESHOPINC.COM,
WILL'S OFFICE WORLD INC.,128 Main St.,Wolf Point,MT,59201.0,ROLLIE PAULSON,406-653-2630,rolliep@wowsa.com,
BOSS INC.,123 W. Towne St.,Glendive,MT,59330.0,TIGE VESTER,406-377-2374,tvester@abcboss.com,
FISHER'S DOCUMENT SYSTEMS,575 E. 42nd St.,Boise,ID,83714.0,Amanda Byrne,406-868-4541,abyrne@fisherstech.com,
KELLEY CONNECT,22710 72ND AVE. S,KENT,WA,98032.0,TOM WALTER,206-284-9100,tom.walter@kelleyconnect.com,
"Canon Solutions America, Inc.",1 Canon Park,Melville,NY,11747.0,Dawn Rouse,631-330-5448,drouse@csa.canon.com,www.csa.canon.com
Capital Business Systems,4812 McMurry Ave.,Fort Collins,CO,80525.0,James Kreikemeier,970-266-5106,jkreikemeier@capitalmds.com,
"Loffler Companies, Inc.",1101 E. 78th St. Suite 200,Bloomington,MN,55420.0,KayDee Ahmad,952-925-6800,reception@loffler.com,
High Sierra Business Systems,2814 N Carson St,Carson City,NV,89706.0,Blake Anderson,775-883-6379,banderson@hs-business.com,www.hs-business.com
"Canon Solutions America, Inc.",1 Canon Park,Melville,NY,11747.0,Dawn Rouse,631-330-5448,drouse@csa.canon.com,www.csa.canon.com
Dex Imaging,3785 South 500 West,Salt Lake City,UT,84115.0,Robert Luzzi,813-288-8080,rluzzi@deximaging.com,
RAY A. MORGAN COMPANY,3131 ESPLANADE,CHICO,CA,95973.0,Richard Whitlock,925-519-4545,rwhitlock@raymorgan.com,
"Canon Solutions America, Inc.",1 Canon Park,Melville,NY,11747.0,Dawn Rouse,631-330-5448,drouse@csa.canon.com,www.csa.canon.com
"ImageNet Consulting, LLC",5160 College Boulevard,Farmington,New Mexico,87402.0,David North,405-600-1347,dnorth@imagenet.com,www.imagenet.com
"Canon Solutions America, Inc.",1 Canon Park,Melville,NY,11747.0,Dawn Rouse,631-330-5448,drouse@csa.canon.com,www.csa.canon.com
Clovis Office Equipment Co.,601 Pile Street,Clovis,NM,88101.0,RANDY HOLLAND,575-763-3495,hollandscoe@hollandscoe.com,
PACIFIC OFFICE AUTOMATION INC,3830 SINGER BLVD NE #2020,ALBUQUERQUE,NM,87109.0,PAUL HOLMES,505-314-2232,Paul.Holmes@pacificoffice.com,
"Ephesus Office Technologies, Inc.","2430 Midtown Place NE, Suite: A",Albuquerque,NM,87107.0,CODY RUSHING,505-341-9730,CRUSHING@EOT-NM.COM,
SPECTRUM IMAGING TECHNOLOGIES,5900 GATEWAY  EAST,EL PASO,TX,79905.0,MITCH PLESANT,915-781-2000,miplesant@spectrumimagingsystems.com,
Tascosa Office Machines,321 N. Main St.,Roswell,NM,88201.0,Kelly King,573-623-1206,kking@ytom.com,https://tascosaofficemachines.com/
Capital Business,4812 McMurry Ave. Suite 180,Fort Collins,CO,80525.0,James G. Kreikemeier,970-266-5106,jkreikemeier@capitalmds.com,
"All Copy Products, Inc.",1635 W 13th Ave,Denver,CO,80204.0,Nicole Curtis,303-785-5879,ncurtis@allcopyproducts.com,
Advanced Business Methods,4480 Coleman St,Bismarck,ND,58503.0,Duane Boeder,701-282-3151,dboeder@abmnow.com,www.abmnow.com
BOSS INC.,123 W. Towne St.,Glendive,MT,59330.0,TIGE VESTER,406-377-2374,tvester@abcboss.com,
LOFFLER COMPANIES INC.,1101 EAST 78TH STREET,BLOOMINGTON,MN,55420.0,Kaydee Ahmad,952-925-6800,reception@loffler.com,
Gordon Flesch Company Inc,5655 Venture Dr,Dublin,OH,43017.0,Mykah Rose,614-789-5700,mrose@gflesch.com,www.gflesch.com
"Canon Solutions America, Inc.",1 Canon Park,Melville,NY,11747.0,Dawn Rouse,631-330-5448,drouse@csa.canon.com,www.csa.canon.com
Modern Office Methods,4747 Lake Forest Dr. Ste 200,Blue Ash,OH,45242.0,Ronald Slageter,800-345-3888,ron.slageter@momnet.com,
"ImageNet Consulting, LLC",913 North Broadway,Oklahoma City,Oklahoma,73071.0,David North,405-600-1347,dnorth@imagenet.com,www.imagenet.com
"Canon Solutions America, Inc.",1 Canon Park,Melville,NY,11747.0,Dawn Rouse,631-330-5448,drouse@csa.canon.com,www.csa.canon.com
MILLER OFFICE EQUIPMENT,407 E MAIN,ANTLERS,OK,74523.0,TAL LIGHT,918-426-3600,tlight@milleroffice.com,
Copy World Business Solutions LLC,1821 N WILLOW,BROKEN ARROW,OK,74012.0,Mike Wolfinbarger,918-286-2679,mike@cpyworld.com,
LAKELAND OFFICE SYSTEMS INC.,10550 S. Highway 69,Miami,OK,74354.0,DAVID TYSON,417-499-5558,dtyson@lakelandoffice.com,
R.K. Black Inc.,4000 NW 39TH ST.,OKLAHOMA CITY,OK,73112.0,GENE DANIEL,918-633-2065,gdaniel@rkblack.com,
MIDWEST OFFICE TECHNOLOGY,500 Enterprise Dr.,Edmond,OK,73013.0,Joe Germano,816-304-3698,joeg@summitaffiliates.com,
SUMNERONE INC.,5460 S. GARNETT STE D,TULSA,OK,74146.0,Kevin Bostian,918-250-7431,kbostian@sumnerone.com,
"Datamax, Inc.",7400 KANIS ROAD,LITTLE ROCK,AR,72204.0,DAVID HOLZHAUER,501-603-3011,dholzhauer@datamax-lr.com,
JD Young,116 West Third St.,Tulsa,OK,74103.0,Monte Sloan,918-582-9955,msloan@jdyoung.com,
Preferred Office Technologies,319 SOUTH 9TH STREET,FORT SMITH,AR,72901.0,ALAN DICKINSON JR.,479-782-7991,Adickinson@preferred-office.com,
Copiers Northwest,11000 SW 11th Street,Beaverton,Oregon,98005.0,Steve Klain,503-222-4500,sklain@copiersnw.com,www.copiersnw.com
"Canon Solutions America, Inc.",1 Canon Park,Melville,NY,11747.0,Dawn Rouse,631-330-5448,drouse@csa.canon.com,www.csa.canon.com
Pacific Office Automation,14747 NW GREENBRIER PRKWY,BEAVERTON,OR,97006.0,Jeff Simon,503-601-2315,jeff.simon@pacificoffice.com,
Fisher's Technology,575 E. 42nd St.,Boise,ID,83714.0,Teresa Jorgensen,208-947-3613,tjorgensen@fisherstech.com,
Solutions YES,8300 SW Hunziker St.,Portland,OR,97223.0,Sean Bell,503-597-0937,sean.bell@solutionsyes.com,
TPM Inc,1003 Laurens Road,Greenville,SC,29607.0,John Wagner,803-252-4770,johnwagner@tpm.com,WWW.TPM.Com
"Canon Solutions America, Inc.",1 Canon Park,Melville,NY,11747.0,Dawn Rouse,631-330-5448,drouse@csa.canon.com,www.csa.canon.com
DEX IMAGING INC,5109 WEST LEMON ST.,TAMPA,FL,33609.0,ROBERT LUZZI,813-288-8080,rluzzi@deximaging.com,
HENDRIX BUSINESS SYSTEMS,2040-A INDEPENDENCE COMM DR.,MATTHEWS,NC,28105.0,Scott Whitt,704-574-4800,swhitt@hendrixbusiness.com,
POLLOCK OFFICE MACHINE CO,1711 CENTRAL AVENUE,AUGUSTA,GA,30904.0,Steve Baxter,706-733-0537,sbaxter@pollockcompany.com,
SAULISBURY BUSINESS MACHINES,7632 Southrail Road,N. Charleston,SC,29420.0,DALE SAULISBURY,843-572-9111,dsaulisbury@saulisbury.com,
ADVANCED BUSINESS EQUIPMENT,14 Brozzini Ct.,Greenville,SC,29615.0,BAXTER CULLER,864-565-0090,bculler@abecarolina.com,
CC & M Inc.,125 COMMERCE CIRCLE,GREENWOOD,SC,29646.0,John Gary,864-330-0030,jgary@ccm2.com,
COECO OFFICE SYSTEMS INC,3300 W. MONTAGUE AVE #101,NORTH CHARLESTON,SC,29418.0,Bryan Christopher,757-971-1511,bchristopher@coeco.com,
Advanced Business Methods,4480 Coleman St,Bismarck,ND,58503.0,Duane Boeder,701-282-3151,dboeder@abmnow.com,www.abmnow.com
LOFFLER COMPANIES INC.,1101 EAST 78TH STREET,BLOOMINGTON,MN,55420.0,Kaydee Ahmad,952-925-6800,reception@loffler.com,
THE OFFICE SHOP INC.,70 WEST MAIN STREET,COWLEY,WY,82420.0,Devin Peterson,307-548-2873,Devin@OFFICESHOPINC.COM,
Gordon Flesch Company,2675 Research Park Drive,Madison,WI,53711.0,Nate Thompson,608-271-2100,nthompson@gflesch.com,
SEVIER SCHOOL & OFFICE SUPPLY dba SEVIER OFFICE SUPPLY,30 NORTH MAIN STREET,RICHFIELD,UTAH,84701.0,LEE,BENNETT,435-896-4488,lbennett@sevierofficesupply.com
"Canon Solutions America, Inc.",1 Canon Park,Melville,NY,11747.0,Dawn Rouse,631-330-5448,drouse@csa.canon.com,www.csa.canon.com
Dex Imaging,3785 South 500 West,Salt Lake City,UT,84115.0,Robert Luzzi,813-288-8080,rluzzi@deximaging.com,
Office Equipment Co. Inc.,55 E. Main St.,Price,UT,84501.0,Scott Warren,435-637-6570,scottw@officeequipmentco.com,
Pacific Office Automation,14747 NW GREENBRIER PRKWY,BEAVERTON,OR,97006.0,Sonny Ogrady,801-990-4002,sonny.ogrady@pacificoffice.com,
Fisher's Technology,852 E. Arrowhead Lane,Salt Lake City,UT,84107.0,Teresa Jorgensen,208-947-3613,tjorgensen@fisherstech.com,
Associated Business Technologies,2657 South 1030 West #60,Salt Lake City,UT,84119.0,Richard Muller,801-972-1030,richardm@abtyes.com,
"Canon Solutions America, Inc.",1 Canon Park,Melville,NY,11747.0,Dawn Rouse,631-330-5448,drouse@csa.canon.com,www.csa.canon.com
Usherwood,1005 W. Fayette St.,Syracuse,NY,13204.0,Katherine Cullen,800-724-2119,kcullen@usherwood.com,
Electronic Business Machines,802 134th St. SW-STE 170,Everett,WA,98204,Dave Schlosser,425-347-2244,dschlosser@ebmco.com,
Copiers Northwest,601 Dexter Ave. N,Seattle,WA,98109.0,Debbie Raphael,206-282-1200,draphael@copiersnw.com,www.copiersnw.com
"Canon Solutions America, Inc.",1 Canon Park,Melville,NY,11747.0,Dawn Rouse,631-330-5448,drouse@csa.canon.com,www.csa.canon.com
Excel Business Systems Inc.,1340 Lumsden Rd. Suite 110,Port Orchard,WA,98367.0,Mark Trenary,253-473-9663,mtrenary@ebs-nw.com,
H&H Business Systems,15320 E Marietta Ste#9,Spokane,WA,99216.0,Yousif Kaddoura,509-828-8988,yousifk@handhsystems.com,
Pacific Office Automation Inc.,1064 4th Avenue South,Seattle,WA,98134.0,James Pierson,206-575-9710,james.pierson@pacificoffice.com,
Pacific Office Equipment Inc.,314 East 8th Street,Port Angeles,WA,98362.0,Tom Baermann,360-417-3600,SALES@POEINC.COM,
"United Business Machines of Washington, Inc.",11050 118th Place NE,Kirkland,WA,98033.0,Todd Gregg,425-827-0611,tgregg@ubmofwa.com,
Fisher's Technology,575 E. 42nd St.,Boise,ID,83714.0,Teresa Jorgensen,208-947-3613,tjorgensen@fisherstech.com,
"ImageSource, Inc.",612 Fifth Ave SW,Olympia,WA,98501.0,Nicholas Coker,360-878-2422,nickc@imagesourceinc.com,
Solutions YES,8300 SW Hunziker St.,Portland,OR,97223.0,Sean Bell,503-597-0937,sean.bell@solutionsyes.com,
Gordon Flesch Company Inc,2675 Research Park Dr,Madison,WI,53711.0,John Meier,608-271-2100,jmeier@gflesch.com,www.gflesch.com
"Canon Solutions America, Inc.",1 Canon Park,Melville,NY,11747.0,Dawn Rouse,631-330-5448,drouse@csa.canon.com,www.csa.canon.com
"Loffler Companies, Inc.",1101 E. 78th St. Suite 200,Bloomington,MN,55420.0,KayDee Ahmad,952-925-6800,reception@loffler.com,
